[{"@type":"mappingTemplate","id":"@1","name":"Mapping_RESTV2","description":"","autoExpireObject":false,"bundleVersion":"0","assetFrsGuid":"5PqPDWUnEAGgOYeHiy7oEq","templateId":"@3","hasParameters":false,"valid":true,"fixedConnection":true,"hasParametersDeployed":false,"fixedConnectionDeployed":false,"isSchemaValidationEnabled":false,"tasks":0,"mappingPreviewFileRecordId":"@2","documentType":"MAPPING","allowMaxFieldLength":false,"specialCharacterSupport":false,"references":[{"@type":"reference","refObjectId":"@6cIb4JoOJA6dqkAddIzJCJ","refType":"connection"},{"@type":"reference","refObjectId":"@0mWy51Fx9qFcfDcwwW4iQA","refType":"connection"}]}]